,Autocorrelation
0,0.9999999999999999
1,0.8959242850965251
2,0.8177463359934615
3,0.7946923518320334
4,0.7814298105868313
5,0.7765635698554341
6,0.805354118139788
7,0.8333707471708168
8,0.7858013595384886
9,0.738259925920345
10,0.7256574485815778
11,0.717393173404647
12,0.7152741996278076
13,0.7475970192124067
14,0.7741522831107296
15,0.7323626241589385
16,0.6934532442250657
17,0.6840362916771141
18,0.6764874067842334
19,0.6734760473164214
20,0.7014935414403877
21,0.7280449606821422
22,0.6862066328897949
23,0.647890694276434
24,0.6381130842409204
25,0.632247610545927
26,0.6308093131131457
27,0.6563394129636526
28,0.6779742618246848
29,0.6411830086907434
30,0.6040931580166936
31,0.5911744088356888
32,0.5833718789579647
33,0.5830575816149988
34,0.609193690214311
35,0.6280835858528352
36,0.5905722413118333
37,0.5558091440938517
38,0.5460857464268762
39,0.5373802406451723
40,0.5354459635046251
41,0.556297818113084
42,0.5694056513709993
43,0.5268215933560035
44,0.489150211794604
45,0.4775817339086035
46,0.46967424779192696
47,0.4680680267060347
48,0.48822504825264645
49,0.5011090282390214
50,0.46024018127640914
51,0.426960885189494
52,0.4142760013184451
53,0.4050672658617652
54,0.40255851980079793
55,0.4214554094481364
56,0.4311793211202788
57,0.3935011491541176
58,0.360508452620666
59,0.3495810483153239
60,0.34309910648432196
61,0.3392989173651065
62,0.3560333094648495
63,0.3693367978043054
64,0.3315393102888589
65,0.30098591353518633
66,0.28929569665199306
67,0.2813478461875415
68,0.2773108140023032
69,0.2925647926701908
70,0.30211314329725014
71,0.2660130437535893
72,0.23601660200112815
73,0.22875075451442412
74,0.22095456443528108
75,0.2145748274510628
76,0.2284997111546558
77,0.23708792299844103
78,0.20152650250752585
79,0.17088526113525998
80,0.15744481933973
81,0.14749284475758265
82,0.1446772401322753
83,0.15947872240276362
84,0.16368149393597345
85,0.1264463585281826
86,0.09971973657347376
87,0.08897650889638734
88,0.08087732135293642
89,0.08134572073049293
90,0.09572070504994648
91,0.10180671255959647
92,0.06846391754801848
93,0.042787771569651675
94,0.035164019251662154
95,0.027934162502066977
96,0.025114877455869312
97,0.03459809559180946
98,0.037808623264058365
99,0.006608960179507942
100,-0.01863515740954023
101,-0.02379750229298955
102,-0.027702600564478853
103,-0.03092318127536291
104,-0.019649943736197474
105,-0.017648806015274434
106,-0.04973222740014531
107,-0.07348065659960654
108,-0.08438691347701606
109,-0.09380282810595798
110,-0.09629653367689947
111,-0.08639098185846249
112,-0.08424701389623952
113,-0.11729049589753664
114,-0.1420761263657485
115,-0.1494529453280087
116,-0.15897847886248925
117,-0.16377155639456126
118,-0.154446807562914
119,-0.15380864141278736
120,-0.1827692041253312
121,-0.20242473167687877
122,-0.20518957169702778
123,-0.2119860759056988
124,-0.21460327818998143
125,-0.2052249234126826
126,-0.20445837465531747
127,-0.23453574349413445
128,-0.25351652589397067
129,-0.2576921082152162
130,-0.26231864445410286
131,-0.2618864240323117
132,-0.2534830316276662
133,-0.2543748815950396
134,-0.28578040884829614
135,-0.3051196127462117
136,-0.30987462993844006
137,-0.3170606630402647
138,-0.32186886731756525
139,-0.3154349054019148
140,-0.31399106518256953
141,-0.3383401865577825
142,-0.35219762841203656
143,-0.35682702787382037
144,-0.3634612010627083
145,-0.3668425884804158
146,-0.35835224545257954
147,-0.35570109428524105
148,-0.37996600069124353
149,-0.3944718825961693
150,-0.39578424088333874
151,-0.4025997067929481
152,-0.40721296299709636
153,-0.3999504621198087
154,-0.39663168577885255
155,-0.4158608768851307
156,-0.4280164835396134
157,-0.4310153625842572
158,-0.4395506270720174
159,-0.4423821404979178
160,-0.4332746675772059
161,-0.42981891094058383
162,-0.44696179606604125
163,-0.452989113116212
164,-0.453356032083834
165,-0.4611713365219524
166,-0.4618196956331232
167,-0.45093659305366834
168,-0.4470862851984646
169,-0.4642742763558699
170,-0.4708901572873762
171,-0.46712768639225233
172,-0.4743504272286065
173,-0.47296738343986283
174,-0.4655975930881311
175,-0.46508778840202336
176,-0.4794550042732545
177,-0.4855981431991113
178,-0.48540863503012566
179,-0.4933597815372739
180,-0.48980608780125906
181,-0.47784310486142706
182,-0.4754498554201531
183,-0.4892740205417674
184,-0.4903910247458336
185,-0.4888648060259046
186,-0.49455895186360344
187,-0.4902452268696913
188,-0.47757083570577225
189,-0.4720442540656822
190,-0.48436860329195447
191,-0.48487175625159146
192,-0.48143828641147085
193,-0.48357102789799994
194,-0.47593310971591346
195,-0.4613285905803163
196,-0.4544821933007021
197,-0.46368728674783
198,-0.45582388474532154
199,-0.4485511963698209
200,-0.45149334770153465
201,-0.4466383069629157
202,-0.43164264224226856
203,-0.4196576509807973
204,-0.4252240325675953
205,-0.4195560468143079
206,-0.4113492293869589
207,-0.41396578074014523
208,-0.4081931716686
209,-0.39529403650861444
210,-0.3865262257608629
211,-0.3917421569234019
212,-0.3854113784281921
213,-0.37747804460687073
214,-0.3802645983894407
215,-0.3785092319264528
216,-0.3644860401744003
217,-0.35588047659377553
218,-0.3582270314792181
219,-0.349386817749484
220,-0.33866721696737734
221,-0.33902900323932733
222,-0.3339432613092626
223,-0.3217500143682228
224,-0.31367491754175586
225,-0.3176460711175335
226,-0.3077412841739785
227,-0.2958656012085387
228,-0.29634578726103494
229,-0.2903313993035774
230,-0.2780261790889649
231,-0.2717319156620055
232,-0.27350793499681025
233,-0.2587645141615219
234,-0.24584007504472016
235,-0.24563011552467393
236,-0.2379216140895375
237,-0.22003527825134306
238,-0.20933698471163348
239,-0.2099214752124522
240,-0.19641159159725394
241,-0.18369709726348368
242,-0.18275539234672464
243,-0.17643790562844805
244,-0.15762900264426494
245,-0.14736851772681386
246,-0.14881509991704767
247,-0.1389728554281836
248,-0.13273595451354864
249,-0.13414590739557453
250,-0.1254030810979589
251,-0.10980729000434135
252,-0.09965823236067242
253,-0.09634539073172466
254,-0.07965369975922465
255,-0.07327928198408531
256,-0.0765780550349643
257,-0.06912081139168644
258,-0.05231065594160081
259,-0.04245885770157301
260,-0.0424316675428676
261,-0.029143372114357108
262,-0.014381180754296646
263,-0.01407580770598508
264,-0.008157259112289542
265,0.009410914089278414
266,0.02365601352701232
267,0.02759682410130187
268,0.04410603898538917
269,0.0567277353943763
270,0.055516906222186926
271,0.061229590110738766
272,0.07870677990470598
273,0.08663674307372428
274,0.0842669069682132
275,0.09882452517325659
276,0.11305066991028544
277,0.11668806970296561
278,0.12615012604362386
279,0.13945023437483342
280,0.147027392991701
281,0.14883431490526933
282,0.16499083774789247
283,0.17788109694820733
284,0.17630945200981282
285,0.18021415258570317
286,0.1933697626911153
287,0.2032141760620119
288,0.21010802377837634
289,0.226437953909979
290,0.23582098066316665
291,0.23750397038907134
292,0.24186783785064372
293,0.2505683764365859
294,0.2589936998056036
295,0.26501072577577806
296,0.2797363877838414
297,0.2886103352883206
298,0.2888508586080959
299,0.29622254811050325
300,0.3071039529411578
301,0.31482299269907055
302,0.32039465487784746
303,0.3356639036567668
304,0.3463858695954001
305,0.34790078817326187
306,0.3542035682174627
307,0.3628570400126314
308,0.3700491408656839
309,0.3765497553516481
310,0.39197914311947896
311,0.39941901052445544
312,0.3962063274733319
313,0.40116019017151044
314,0.41208069728964
315,0.41819088445287894
316,0.4270373862128022
317,0.44538406610749026
318,0.4547969696891561
319,0.4492920672473704
320,0.4521602591240947
321,0.45624649245489896
322,0.4583664638480491
323,0.46884985160195863
324,0.48786720046305443
325,0.4938967806070284
326,0.4890643194113809
327,0.4953239041301391
328,0.5043620582929892
329,0.5110827466657812
330,0.5173130257950697
331,0.5333005877386618
332,0.5366696411137433
333,0.5260836766691239
334,0.522068055369697
335,0.5293447651085708
336,0.535256881886458
337,0.5439127808410015
338,0.5612674413616152
339,0.5652699901626121
340,0.5575942717260165
341,0.5588543653379417
342,0.5658253058941559
343,0.5702066704523934
344,0.577439074810237
345,0.5978697519453472
346,0.6019366701907228
347,0.5871589231321964
348,0.5844239345281095
349,0.5883610772294524
350,0.5871072852051831
351,0.5940389887793196
352,0.6106978232377942
353,0.6075835264886524
354,0.5934407930928441
355,0.5925638789223422
356,0.5985615420976012
357,0.5997048558713945
358,0.6129921634741571
359,0.6307172004069962
360,0.6290946056412199
361,0.6156158030009411
362,0.613896405003934
363,0.6153162118177745
364,0.6125913524842254
365,0.6234460515476308
366,0.6449618926385193
367,0.642505546067658
368,0.6262598424330452
369,0.6239377968345896
370,0.6194077392767855
371,0.6138153123950335
372,0.6196809293821818
373,0.6342278460290948
374,0.6303621082903667
375,0.6103622234347312
376,0.6045826871988754
377,0.6018212438890764
378,0.5948533838577514
379,0.5994488029873931
380,0.6149492010605955
381,0.6126506030028906
382,0.5973954748287078
383,0.590930436812294
384,0.585485595466331
385,0.5753430820998009
386,0.5782522920299143
387,0.5929496637058691
388,0.5870168444646053
389,0.5690078629296789
390,0.5623016336262131
391,0.5576513112336309
392,0.5528089232659129
393,0.5586620180799394
394,0.5722431478167356
395,0.5662667014351046
396,0.5456551187040811
397,0.5338362016255167
398,0.5273906840985028
399,0.5213260820797384
400,0.5240955251242865
401,0.5323870918006105
402,0.5213881983314418
403,0.501556240774142
404,0.4887107935752269
405,0.47707555081486774
406,0.469420817584117
407,0.47555491471476785
408,0.4872962875342241
409,0.481765801654713
410,0.46165178616041846
411,0.44882810340756574
412,0.4360198640007998
413,0.4247241089134637
414,0.4260478946849332
415,0.43368559387140876
416,0.42527062688290623
417,0.404838414872285
418,0.38686576654736715
419,0.36950236631694444
420,0.3591838181659145
421,0.359346405772544
422,0.3664291783477973
423,0.35634171685765315
424,0.3296321841408329
425,0.313553571591973
426,0.2964454051556894
427,0.2805255357526346
428,0.279499751229561
429,0.28535882166780013
430,0.2762275397411067
431,0.25658883292651274
432,0.2417807171981371
433,0.22758566307166056
434,0.21491443758536544
435,0.21394658890580745
436,0.22147236563980308
437,0.2123069317300151
438,0.19414779166920837
439,0.18375790357933872
440,0.17373893401301047
441,0.16524495536094483
442,0.1643561177261407
443,0.16624892119613596
444,0.15426154135900516
445,0.13268648492726473
446,0.1204850285587046
447,0.10987883010103079
448,0.10017072201548544
449,0.10014814302352285
450,0.10300667890342258
451,0.0873446478174019
452,0.06473283163960487
453,0.05475316918601051
454,0.041649783919120255
455,0.02860145057519827
456,0.027693669466971528
457,0.02851062853270508
458,0.015373873877586222
459,-0.003440422373457794
460,-0.013148566482616468
461,-0.028164191430979844
462,-0.03962769961037671
463,-0.03956087547407444
464,-0.03536835802062991
465,-0.048834369824505626
466,-0.07084079790190517
467,-0.08360723517036026
468,-0.0947136346919141
469,-0.1040060669494022
470,-0.1005007525246174
471,-0.09903414124029854
472,-0.11293737699986879
473,-0.13346243712386618
474,-0.14548635073946337
475,-0.15745751114823064
476,-0.16800462927642595
477,-0.1688180380585207
478,-0.16677826432565845
479,-0.17659208416632446
480,-0.19679052642402203
481,-0.2056601027046376
482,-0.21184910394046452
483,-0.22140518317639568
484,-0.22663966538127794
485,-0.224974269635966
486,-0.23251678802633144
487,-0.25071272049181126
488,-0.26122529817548035
489,-0.268315279273899
490,-0.2736988641432298
491,-0.27149112725772095
492,-0.26892348172724617
493,-0.27681774405424475
494,-0.29439645208883786
495,-0.3052128798065869
496,-0.3097379279092481
497,-0.3161023784101414
498,-0.31645458881410754
499,-0.3105162863695024
500,-0.3156477692074475
501,-0.33365418218798015
502,-0.34327069129017673
503,-0.34847212595137805
504,-0.34979068790767975
505,-0.3516578804738444
506,-0.35006418906218023
507,-0.35604440785054203
508,-0.37274607905725454
509,-0.38059460502266224
510,-0.38735962808258173
511,-0.3909322733434517
512,-0.3892577784236519
513,-0.38201560775799126
514,-0.3876124058326659
515,-0.4012135825469615
516,-0.4039815746183247
517,-0.40495386115311227
518,-0.40965784620173473
519,-0.412116741916631
520,-0.4092130626897201
521,-0.41604555181899344
522,-0.42661794995701136
523,-0.4287263876716064
524,-0.4314989277578288
525,-0.4373629193106166
526,-0.4418779946779424
527,-0.4368390457934808
528,-0.443132075404826
529,-0.454592270494464
530,-0.45483093947096953
531,-0.4551611624862888
532,-0.4559685111795744
533,-0.45544777840546996
534,-0.4513473702756169
535,-0.4569283565508339
536,-0.46621245254140714
537,-0.4640662563504307
538,-0.4684169858531061
539,-0.47236218859998363
540,-0.46992706959746183
541,-0.46401308132446367
542,-0.46629297433504835
543,-0.4716664768338953
544,-0.4705383731430933
545,-0.47011532398495576
546,-0.4727282180992342
547,-0.47307314416396923
548,-0.4692061104343955
549,-0.46808402410462063
550,-0.46882718800640416
551,-0.4638856735943237
552,-0.4657155631784385
553,-0.4672352638656915
554,-0.4639287710949947
555,-0.45754644456673266
556,-0.45730731616036746
557,-0.4579437728049035
558,-0.4520033363610413
559,-0.4538240698556013
560,-0.45857711102082555
561,-0.4571101022053598
562,-0.44880596228670677
563,-0.4458787388583981
564,-0.44263609697292433
565,-0.43488593020886435
566,-0.4349352550209653
567,-0.4381215636112726
568,-0.4344487731181216
569,-0.42866224886919013
570,-0.4261170590076749
571,-0.419675186865993
572,-0.40633424588879413
573,-0.4087405796502839
574,-0.41046059377410143
575,-0.40743280801851284
576,-0.40071943676576904
577,-0.39815320319720576
578,-0.39145820261899034
579,-0.38051987875354915
580,-0.38057152852928633
581,-0.3796247531308338
582,-0.37310710823265836
583,-0.3640938612042493
584,-0.3609073001582901
585,-0.3532359665586947
586,-0.34206947315606806
587,-0.34122217972763585
588,-0.34361704017964256
589,-0.3402571527228112
590,-0.33368515042431174
591,-0.3298013039774659
592,-0.31758402152426307
593,-0.3030958044678933
594,-0.3016743895926068
595,-0.298264244278754
596,-0.2914956878039831
597,-0.2879577518477056
598,-0.2848113395081461
599,-0.2710490427902158
600,-0.2553564683965551
601,-0.2546581071406623
602,-0.25219489680326357
603,-0.24535818011202318
604,-0.23790885830127767
605,-0.23305860095868228
606,-0.22102138042610156
607,-0.20641152230986376
608,-0.20521684507985608
609,-0.19963087010805192
610,-0.19050419513673228
611,-0.18037066511085176
612,-0.17262247518792181
613,-0.15850876427894553
614,-0.1409739703176425
615,-0.14238041332445794
616,-0.1398343099067053
617,-0.13353466495534738
618,-0.12508840322998777
619,-0.11578170122752016
620,-0.09976495930888007
621,-0.08715146617108366
622,-0.08957236815688756
623,-0.08509577709728691
624,-0.07656910750589827
625,-0.06789617923925832
626,-0.059285024067793325
627,-0.041589768451955146
628,-0.02532962780748595
629,-0.027140901730698077
630,-0.02713214818171266
631,-0.020306209646621193
632,-0.015994305958635067
633,-0.012663876015902124
634,0.0065512766291326765
635,0.02736193507198766
636,0.02793077968929377
637,0.0320755439503813
638,0.0411946097176585
639,0.04789343649566938
640,0.054683755106595316
641,0.07471511965585752
642,0.08890424260051033
643,0.08817239028219878
644,0.09004779607756273
645,0.09801721965155706
646,0.10435296032745943
647,0.11391034837409855
648,0.1309560081110416
649,0.14636502381051403
650,0.14598560081649112
651,0.14600496614371253
652,0.15270782615638506
653,0.16150676792948052
654,0.17202134273529424
655,0.19248584278767514
656,0.20731698197674214
657,0.20390233789939158
658,0.20498398408878607
659,0.2128567682734216
660,0.22217966874269993
661,0.22838856244255554
662,0.2449820393993374
663,0.260883984812534
664,0.26126366777234095
665,0.26353040973699476
666,0.27367818230058266
667,0.283308268293121
668,0.2918445663596
669,0.30856967278176056
670,0.32412871391831455
671,0.32271687235417096
672,0.3208298408086557
673,0.32456300880093064
674,0.3299408485099437
675,0.3404109273720551
676,0.3606478201246317
677,0.37926657402304637
678,0.3755940542482006
679,0.3702716902192857
680,0.37140226022263517
681,0.3738819271959953
682,0.3828322705790522
683,0.4010559478035018
684,0.4172975191259601
685,0.41764134342804127
686,0.41837776581448255
687,0.4217947385419372
688,0.42567889758671407
689,0.43045631370364884
690,0.44763074361778765
691,0.4616817554180701
692,0.45613869297015164
693,0.4512167792512463
694,0.45395033789779765
695,0.4555538802463968
696,0.4582320783167633
697,0.4752462560907081
698,0.49505002437947676
699,0.48881061140970405
700,0.48436913283002314
701,0.4851244971174748
702,0.48136974747126915
703,0.48671540165993116
704,0.5087789290409336
705,0.5265542796815977
706,0.5211002608730833
707,0.517678511322944
708,0.5224260190507155
709,0.5230885555817255
710,0.5270727844642221
711,0.5451206771397574
712,0.5638739479033877
713,0.5558437158940385
714,0.5481018072866579
715,0.5472058715840683
716,0.5439920567752538
717,0.5453473848644442
718,0.5621578546387475
719,0.5735043162170901
720,0.5602507531813753
721,0.5535662348280198
722,0.5543908782668461
723,0.5516679376430944
724,0.5522145103875201
725,0.5730242366940071
726,0.5944377889133583
727,0.5788328793899932
728,0.5636264481947822
729,0.5636674532426353
730,0.5578403950314793
731,0.5610212282518497
732,0.5748045752569281
733,0.5838404418063682
734,0.5644750034169075
735,0.5477565972921633
736,0.5456526554213953
737,0.5416311787387923
738,0.5414287096199704
739,0.5544541511214653
740,0.5653747948506237
741,0.5471306014702858
742,0.5302126477421575
743,0.5225035860494633
744,0.5134665996975287
745,0.5143171407283719
746,0.5294759007175059
747,0.5377146745262957
748,0.5170995234161244
749,0.4985357221901897
750,0.4901012432427355
751,0.4814252613714817
752,0.4791704344322526
753,0.4949551027172922
754,0.5031576666187985
755,0.48174083920988164
756,0.4620224881660227
757,0.45297958917907644
758,0.44839846756813273
759,0.4510350778887855
760,0.4673125682800569
761,0.47867800483370687
762,0.4572727848793296
763,0.4353110025552781
764,0.4234226204853245
765,0.41447538424259084
766,0.4184353581725435
767,0.4341044331532271
768,0.4414401727334814
769,0.42199590660798536
770,0.3997487395956531
771,0.38435740127395196
772,0.3768429955384732
773,0.379072552190061
774,0.39471219880459174
775,0.40241033793161524
776,0.3823423745526731
777,0.363705474199375
778,0.35077673607081766
779,0.34103010230778935
780,0.341017517356102
781,0.3563581976536834
782,0.36310734428176733
783,0.3396329448839942
784,0.31517374461761066
785,0.299423606909737
786,0.2897986675104688
787,0.2879925065571864
788,0.29715834217583154
789,0.3008075372603403
790,0.2756397865684154
791,0.25302581673230423
792,0.23839139057793512
793,0.22411983919148176
794,0.22189600979247923
795,0.23300648447047706
796,0.2353040706912788
797,0.20887549458714522
798,0.18373129569221713
799,0.16789816219548367
800,0.1569707744614137
801,0.15681503276983316
802,0.17246207856598414
803,0.17469493512785086
804,0.14598430356772543
805,0.1258439183354066
806,0.10897374063094356
807,0.0997434394568367
808,0.10530957788697515
809,0.11955445230668268
810,0.11911654759246158
811,0.08970111406355721
812,0.06846724200282261
813,0.050988184265887
814,0.038635633995669515
815,0.04242713594681216
816,0.056148162513094284
817,0.05204142601857971
818,0.026510780226733435
819,0.005549230899077595
820,-0.015626687566891156
821,-0.026792917129333533
822,-0.019789999796197357
823,-0.003821202269125443
824,-0.008345121161261322
825,-0.03789463369278413
826,-0.05918334289153389
827,-0.07765678728516498
828,-0.0895327740769136
829,-0.0867394710953004
830,-0.07269870518286324
831,-0.07581255558576999
832,-0.10422993680719
833,-0.12521761500355655
834,-0.14243244553328885
835,-0.15338949457184947
836,-0.1464203583871149
837,-0.13082066488691035
838,-0.13614152567946997
839,-0.16460775222358406
840,-0.1861980771146778
841,-0.20136863861013773
842,-0.2106283203879474
843,-0.20746398993810702
844,-0.19347916587049807
845,-0.19788024528990644
846,-0.2281537196464967
847,-0.24675831968716852
848,-0.2583235569703889
849,-0.26600497021699254
850,-0.2620474256005643
851,-0.24703233419086748
852,-0.2519930274111776
853,-0.27909630580831746
854,-0.29799213610557507
855,-0.30883930577986307
856,-0.31384122937233433
857,-0.3101250959420128
858,-0.29846121066546
859,-0.3029548133194785
860,-0.3301836359062617
861,-0.3471388883714129
862,-0.35713856900446744
863,-0.36015410538989495
864,-0.35474320563309103
865,-0.34401634995444885
866,-0.3527259255490125
867,-0.38437959142452816
868,-0.40712135506347513
869,-0.4204397859009227
870,-0.420638117989081
871,-0.40754796603407795
872,-0.3929870475107844
873,-0.3988089615333653
874,-0.4287719562033164
875,-0.4503860834964858
876,-0.4627881197235013
877,-0.46290386519328947
878,-0.44743856800803605
879,-0.42927904602884315
880,-0.4304770673626808
881,-0.45545898377794936
882,-0.4720231318938992
883,-0.4811836010750076
884,-0.4836712626634563
885,-0.47200792060022073
886,-0.45714469194535373
887,-0.4654159149919684
888,-0.4936577350543417
889,-0.5103000734330433
890,-0.5202672157095787
891,-0.5186287699964195
892,-0.5066376176550015
893,-0.49187824277778724
894,-0.49434172313674246
895,-0.5184164531165725
896,-0.5319736837118227
897,-0.5343660741032908
898,-0.5300172361565387
899,-0.5145284846404896
900,-0.49942823463386055
901,-0.5052044802106245
902,-0.5277789339545685
903,-0.5419260704508703
904,-0.5437627667307499
905,-0.5388977114710279
906,-0.525063684597183
907,-0.5100049131693749
908,-0.5131809378546869
909,-0.5329717511437861
910,-0.5411025568867129
911,-0.543741818295113
912,-0.5401709785697033
913,-0.5241930377801406
914,-0.5077300057196015
915,-0.5127267697567155
916,-0.5356157591987927
917,-0.5472386233945957
918,-0.5461347291401351
919,-0.5351857448525399
920,-0.5181841903187487
921,-0.5074087715780623
922,-0.5163971779981955
923,-0.5360511409383675
924,-0.5397582022126703
925,-0.5370972644978409
926,-0.5282960039102733
927,-0.5099870881184093
928,-0.49772639270825114
929,-0.502603852927361
930,-0.5188758387405781
931,-0.5237352928625953
932,-0.5199794258922534
933,-0.5085832945160869
934,-0.49117362814348886
935,-0.48293939638496286
936,-0.4917745686210582
937,-0.506921504488393
938,-0.5076315195104216
939,-0.5021889544418118
940,-0.48707076778319197
941,-0.46810939241336047
942,-0.4596738719277425
943,-0.4655825577309476
944,-0.47443106337723023
945,-0.46708579284790835
946,-0.4596781924239944
947,-0.4453253437982067
948,-0.4245929799819343
949,-0.4131873071172598
950,-0.41947423480192364
951,-0.42761854033911234
952,-0.4201449715375328
953,-0.41181149893274843
954,-0.39254031146590024
955,-0.37195465822415436
956,-0.35984048061981305
957,-0.36042940634225823
958,-0.36496044104785375
959,-0.36392605351222995
960,-0.3633368164640223
961,-0.3515532247539118
962,-0.3339826023500712
963,-0.3234061482629216
964,-0.3265599157630542
965,-0.32862934293046875
966,-0.32162403741924406
967,-0.3137873776660299
968,-0.29756821506776937
969,-0.2772679840766599
970,-0.26228824001022677
971,-0.2647231657727486
972,-0.26880187126418437
973,-0.25987307001402044
974,-0.2509592035124241
975,-0.2344370022571113
976,-0.21143967784935472
977,-0.19823043685897865
978,-0.2014181054911601
979,-0.20615316214179966
980,-0.20131833480110012
981,-0.19326669828889848
982,-0.17371190257937585
983,-0.14587027851220233
984,-0.1345282140868414
985,-0.1364235830094491
986,-0.13512721495537813
987,-0.12333743575350883
988,-0.1158861948926933
989,-0.10089683019772387
990,-0.07834561783710657
991,-0.07127865343657475
992,-0.07509228650001269
993,-0.07411865424136964
994,-0.06111775111163429
995,-0.05002011920914173
996,-0.03176608767786612
997,-0.014524428302788803
998,-0.006602553761037172
999,-0.009956097144694826
1000,-0.01472631633923596
1001,-0.011069781965809251
1002,-0.004717745098534714
1003,0.018477344302649756
1004,0.043683345023732674
1005,0.05082420185561187
1006,0.04892986735401046
1007,0.05104341507865158
1008,0.05699783402051654
1009,0.06454455512064793
1010,0.08337019155572024
1011,0.10382090332478155
1012,0.11326519029558493
1013,0.11452529245298236
1014,0.1138797553500318
1015,0.12040296473676125
1016,0.12680801330604616
1017,0.14524915889753068
1018,0.16024042823725207
1019,0.16497173473760351
1020,0.16416529070072056
1021,0.16412166895855693
1022,0.17204523055977658
1023,0.17667951526859524
1024,0.19559783649907792
1025,0.21543326089960574
1026,0.21934897064029876
1027,0.21948553018175487
1028,0.21975457201630208
1029,0.22552907515450776
1030,0.2295549609593185
1031,0.24262052672060405
1032,0.2584372092919738
1033,0.2605538269427432
1034,0.25960321541944
1035,0.2644560356513297
1036,0.2736510758844944
1037,0.27680159258953335
1038,0.2838184795600602
1039,0.29362895910326664
1040,0.29468645404048976
1041,0.29315057636052205
1042,0.2948465445434586
1043,0.2993173872799796
1044,0.29979224546531674
1045,0.3099406575779051
1046,0.323786245742453
1047,0.32649705888615066
1048,0.3280286272694648
1049,0.33453840788159644
1050,0.34175308285924605
1051,0.34489386504691755
1052,0.3536426208771223
1053,0.3636167439428503
1054,0.36981537859169755
1055,0.37072862140997964
1056,0.37640856443717774
1057,0.3805740467392404
1058,0.385571508325732
1059,0.3975145223888923
1060,0.4099974874456856
1061,0.41327074012172077
1062,0.4120048386151464
1063,0.4159795484329475
1064,0.4279566323408522
1065,0.4314091555613564
1066,0.43518635705329256
1067,0.4460438401099619
1068,0.44869283487747874
1069,0.45051767457918973
1070,0.45357118448616407
1071,0.4592059171170348
1072,0.46204118239199643
1073,0.4651089135880572
1074,0.47564108370784575
1075,0.4800987746021939
1076,0.4765701444935081
1077,0.4848552468133157
1078,0.4950111458242029
1079,0.48828962956871624
1080,0.4890021926539518
1081,0.49799233519064423
1082,0.500220279482864
1083,0.49636245204114776
1084,0.5057700968705209
1085,0.5198662013181754
1086,0.5163813589556441
1087,0.5143987211698656
1088,0.5230142125989715
1089,0.5243140448444616
1090,0.520111198452857
1091,0.524050882287131
1092,0.532058643332989
1093,0.5272416069630771
1094,0.5214831878593863
1095,0.5273113938151878
1096,0.5223187252865242
1097,0.5101809150922157
1098,0.5102262687680339
1099,0.5188868907808455
1100,0.5167788034905867
1101,0.5139762551003242
1102,0.5180584494874763
1103,0.5154122114787592
1104,0.5057447127482542
1105,0.5100349884533781
1106,0.5177977961243191
1107,0.5132480633251382
1108,0.5121592274954607
1109,0.5189676223462605
1110,0.5137167100169288
1111,0.49807928782059613
1112,0.49273472519639516
1113,0.4972626826827897
1114,0.4929457862148133
1115,0.48778206400784013
1116,0.4901212024508057
1117,0.48509913659116766
1118,0.47790315054163024
1119,0.47720453214221986
1120,0.4811173975552838
1121,0.4743980450635845
1122,0.46894644037352307
1123,0.46687793673246714
1124,0.46406035497943926
1125,0.46116495433376364
1126,0.4611090405383322
1127,0.4637137020411118
1128,0.45048129729639697
1129,0.4373310034167285
1130,0.43237871418002716
1131,0.42372699242073036
1132,0.4134547817050267
1133,0.4063947148006627
1134,0.39881138672938726
1135,0.3818845916664713
1136,0.3671932848870605
1137,0.360137399170328
1138,0.3509880113503632
1139,0.3385060962312341
1140,0.3283135193444619
1141,0.3263114583929794
1142,0.3113608591160014
1143,0.293934158517125
1144,0.281639110702881
1145,0.26851984216594615
1146,0.2524897249435959
1147,0.2460216609327505
1148,0.24667548485564286
1149,0.22956443623517564
1150,0.2165369265329594
1151,0.2101843867012689
1152,0.1970113062585633
1153,0.18721589957253965
1154,0.19135833783542586
1155,0.1928551935705402
1156,0.17788801444290547
1157,0.16603004555612183
1158,0.16207342694283186
1159,0.14580024632347927
1160,0.13369497321526969
1161,0.13058434578091052
1162,0.12782001546357669
1163,0.10915744208267787
1164,0.09579568056833988
1165,0.08940723005587564
1166,0.07672743589442906
1167,0.07111837218303439
1168,0.0733850355426465
1169,0.07246550653758395
1170,0.05694633755479991
1171,0.050557166230527965
1172,0.04588870349991409
1173,0.028454659309532677
1174,0.01849103895462893
1175,0.016272819013167537
1176,0.016618145010607707
1177,0.0034694989100574414
1178,-0.00457022007543356
1179,-0.009609815192610867
1180,-0.027870366082021168
1181,-0.03912176818911105
1182,-0.04101982473281812
1183,-0.041960703997225714
1184,-0.05217948520748038
1185,-0.058441150719343124
1186,-0.06287049789259369
1187,-0.07660318720279917
1188,-0.09069453139461632
1189,-0.09616871794360798
1190,-0.09707134322383817
1191,-0.10691188445851046
1192,-0.11100452607005336
1193,-0.11513160854379015
1194,-0.13158830211010075
1195,-0.1442102782594162
1196,-0.1413978235502018
1197,-0.13912220099377426
1198,-0.14911606949780132
1199,-0.1548554151422979
1200,-0.1630260746335279
1201,-0.18310579564878418
1202,-0.1976444461217931
1203,-0.20026780100167604
1204,-0.20113498026738647
1205,-0.2139049666427163
1206,-0.22279703591121297
1207,-0.2298831349761274
1208,-0.2450637983786107
1209,-0.2592269030225034
1210,-0.262569544701365
1211,-0.2655597288102382
1212,-0.2794000838680087
1213,-0.2892032795520122
1214,-0.2966270008470132
1215,-0.30580605514018483
1216,-0.3151396008307643
1217,-0.31195048979764894
1218,-0.3124660128551509
1219,-0.3209944126163351
1220,-0.32716338961935093
1221,-0.3322920766140554
1222,-0.3407678871062982
1223,-0.34571959206279895
1224,-0.34617167228490464
1225,-0.34769576890582743
1226,-0.36379481193021185
1227,-0.3719050568120827
1228,-0.3766451366972276
1229,-0.385117232237043
1230,-0.3899907276604436
1231,-0.3910439187004018
1232,-0.3926296032577661
1233,-0.4070710275701726
1234,-0.41699028752480166
1235,-0.42223925710604726
1236,-0.4315831284314176
1237,-0.4368239785898271
1238,-0.4403880622273751
1239,-0.44465305693334817
1240,-0.45464734658670164
1241,-0.4620177792690821
1242,-0.474042351920387
1243,-0.4875491094563902
1244,-0.49281050947534616
1245,-0.4889765868171119
1246,-0.4911954892207661
1247,-0.5051964936249526
1248,-0.5141884251684649
1249,-0.5197835457446581
1250,-0.5288865434693035
1251,-0.5348000166512353
1252,-0.5358193555518439
1253,-0.5373915909661949
1254,-0.5452448506981997
1255,-0.5516418401251981
1256,-0.5531513011366936
1257,-0.5570925471188873
1258,-0.5606304805457167
1259,-0.5615826501620682
1260,-0.5645968923955965
1261,-0.5767296034913976
1262,-0.5831306772767821
1263,-0.5872242647693878
1264,-0.5923770787693075
1265,-0.5946824159641686
1266,-0.5924758641818729
1267,-0.5941768614123207
1268,-0.6064053989718634
1269,-0.6118337103677743
1270,-0.6088134539358544
1271,-0.6082853814667452
1272,-0.6074195771339624
1273,-0.6073169503787438
1274,-0.608833101190208
1275,-0.6136884296825839
1276,-0.616953644016705
1277,-0.6188465712928936
1278,-0.6169990033841389
1279,-0.6157424486499705
1280,-0.618367889052274
1281,-0.6199449733252794
1282,-0.621776404160834
1283,-0.6228502967334435
1284,-0.6258508132039708
1285,-0.6267466172812993
1286,-0.6246670082409832
1287,-0.6236684136709605
1288,-0.6209780284826105
1289,-0.6221251203612519
1290,-0.6198546007639928
1291,-0.6136681980699386
1292,-0.6067149134411159
1293,-0.59742009917896
1294,-0.5888403926713925
1295,-0.5840557559041779
1296,-0.5825096728159167
1297,-0.5782228398804973
1298,-0.5715867166678861
1299,-0.5688237018786767
1300,-0.5686007492500029
1301,-0.5610813458061124
1302,-0.5562446634603889
1303,-0.5525498018216961
1304,-0.5441158634498846
1305,-0.5383629667042155
1306,-0.5384501870941258
1307,-0.5380671750519296
1308,-0.5312417947842683
1309,-0.5230866669978714
1310,-0.5242532569400568
1311,-0.5212070375164485
1312,-0.5062401594065965
1313,-0.49601159887401775
1314,-0.48699604428000465
1315,-0.48404535308996993
1316,-0.4810845782763284
1317,-0.48322013945094133
1318,-0.4733705028620366
1319,-0.4600803979022736
1320,-0.4561861476699857
1321,-0.44684474571676414
1322,-0.43794060315423095
1323,-0.43099468067499147
1324,-0.4299230504123816
1325,-0.42271643048692725
1326,-0.4070493432248181
1327,-0.3946278010184978
1328,-0.38487917726793297
1329,-0.3808697905510567
1330,-0.3707019974724381
1331,-0.36532307945116044
1332,-0.3560925145790597
1333,-0.3436896160896819
1334,-0.3326099843900069
1335,-0.32081896843306745
1336,-0.31226502890765756
1337,-0.3087028993705299
1338,-0.30935272318536366
1339,-0.30115339298711874
1340,-0.2845434108878091
1341,-0.27173188418768485
1342,-0.2637988478176885
1343,-0.25623631981187084
1344,-0.24837051536311416
1345,-0.2440973454878918
1346,-0.2337936046861091
1347,-0.2163356673233394
1348,-0.20255388928308343
1349,-0.19155400212287269
1350,-0.18459475995499605
1351,-0.1836343187436058
1352,-0.17652496740004822
1353,-0.16028422567205702
1354,-0.1412049314220276
1355,-0.12931471649527357
1356,-0.12052309346135746
1357,-0.12025430651619355
1358,-0.12343488760344978
1359,-0.11812958684894934
1360,-0.10471731827883252
1361,-0.084585590444202
1362,-0.07610747698320135
1363,-0.07044679194647176
1364,-0.06466692649252112
1365,-0.06011329517613523
1366,-0.05227671634642761
1367,-0.03920837076510391
1368,-0.019540059902557003
1369,-0.006992837926586298
1370,1.9431821696701838e-05
1371,0.0007497678444584826
1372,0.005951670399796622
1373,0.009228432095213608
1374,0.021763783090024323
1375,0.04075259869658584
1376,0.053904036826960836
1377,0.06504373012736732
1378,0.07255951127514575
1379,0.07479525228642828
1380,0.07497730347331634
1381,0.08756831467036075
1382,0.10223406777855706
1383,0.11270842908876788
1384,0.11744130485641328
1385,0.11871040143308804
1386,0.12245731588757831
1387,0.12565045775243686
1388,0.134882266034899
1389,0.1465565198086715
1390,0.15456078726966352
1391,0.16093558429160748
1392,0.1661892352681675
1393,0.17350804170140186
1394,0.1773529831704621
1395,0.19216426129113576
1396,0.2094699241493676
1397,0.22203888785367895
1398,0.23120686411904476
1399,0.232207789250333
1400,0.23160737157535263
1401,0.24206561499707213
1402,0.2557089959537061
1403,0.272716287319462
1404,0.2919716510192842
1405,0.3032232064496464
1406,0.30146217187522767
1407,0.3049939122409746
1408,0.31071223264721676
1409,0.3188669747806368
1410,0.3282504480542437
1411,0.3383457380945891
1412,0.33992740559574963
1413,0.336826002569108
1414,0.337104329532627
1415,0.3332555403691853
1416,0.33744315919276147
1417,0.3481770992327412
1418,0.3606896392453264
1419,0.37015562857491935
1420,0.37222141061590713
1421,0.37165712254483474
1422,0.3739733304341366
1423,0.3863156576909433
1424,0.3932916117672292
1425,0.3994813264992348
1426,0.4136243584340787
1427,0.41770024423735774
1428,0.4161891159526596
1429,0.41707689532046327
1430,0.4275643003085386
1431,0.4313549963994416
1432,0.43761987065083474
1433,0.44218098882818674
1434,0.44467906325414613
1435,0.448865433901165
1436,0.4607266808536957
1437,0.4738033700183981
1438,0.4876068959357187
1439,0.4941607048853305
1440,0.49342555399481763
1441,0.486467440788396
1442,0.48534924082304015
1443,0.4955442936590573
1444,0.509715671171148
1445,0.5197584718460608
1446,0.5245297758531795
1447,0.5275643692866768
1448,0.5224656366136152
1449,0.5274279442288783
1450,0.5264323982051681
1451,0.5314482325699267
1452,0.537015375290159
1453,0.5360590642303963
1454,0.5309257035969193
1455,0.5248775202836656
1456,0.5276372511574278
1457,0.5314588244582702
1458,0.5400390428821755
1459,0.5482458272248718
1460,0.5447103452925575
1461,0.5377461350002727
1462,0.5284601618630668
1463,0.5254261127115304
1464,0.5225425615031923
1465,0.5315948614093606
1466,0.5324864824873861
1467,0.5275921067914895
1468,0.518949306981015
1469,0.5052309845329064
1470,0.4982472709345826
1471,0.49279388346641584
1472,0.49805390898419843
1473,0.502120530396012
1474,0.5031152639725227
1475,0.4934814218198204
1476,0.48424841623348097
1477,0.48104058809349115
1478,0.48028034210507536
1479,0.48415929284074394
1480,0.48008055540408157
1481,0.4754133865866462
1482,0.470461574891749
1483,0.46056408567527607
1484,0.4581686445072046
1485,0.46093436767328166
1486,0.4647519838337104
1487,0.46781911055927394
1488,0.4554119067086708
1489,0.43903600984375574
1490,0.4317882038267614
1491,0.42828706309186965
1492,0.4210482617032481
1493,0.41296062695000285
1494,0.4024656907163812
1495,0.3906497005421764
1496,0.3715215621258642
1497,0.35985683149188175
1498,0.3653702394005554
1499,0.37074019749653786
1500,0.37828992206903017
1501,0.37561616013021903
1502,0.3654961203804183
1503,0.3555151637774638
1504,0.3423206206003114
1505,0.33282977195846386
1506,0.3300822862082724
1507,0.3284485309831149
1508,0.32594893322635016
1509,0.3141322678587657
1510,0.2998438106179673
1511,0.28748768693123095
1512,0.2864200630381028
1513,0.2898540573586827
1514,0.2891137381667166
1515,0.28112346369427654
1516,0.2723288890733159
1517,0.25857988645553315
1518,0.2387646778761694
1519,0.2307118210714833
1520,0.2292381037841847
1521,0.2284823538455199
1522,0.22294128337677116
1523,0.21437738871034803
1524,0.20114303673209913
1525,0.18620676286092264
1526,0.17738063049046635
1527,0.17348095461764443
1528,0.17992854796153177
1529,0.17831024525075373
1530,0.16757572814527905
1531,0.15400203667403164
1532,0.14049995342329302
1533,0.1352565690948024
1534,0.13322448133545237
1535,0.1296030055562154
1536,0.12285014444991368
1537,0.11467430849660071
1538,0.10638223720379417
1539,0.09258774168322685
1540,0.08227232972791787
1541,0.07868363832497516
1542,0.07394317215698806
1543,0.05542293784221128
1544,0.036093905917283724
1545,0.01927589706819635
1546,-0.0033875871160078588
1547,-0.005637801266496181
1548,0.003456892941007727
1549,0.007692910599309483
1550,0.0009844881254359996
1551,-0.013105400580388222
1552,-0.027675563434589986
1553,-0.050858681418077326
1554,-0.06159710875034376
1555,-0.057560910511385587
1556,-0.057322430635678656
1557,-0.07077926299626257
1558,-0.08253217648231063
1559,-0.09261436195248857
1560,-0.11231158875440234
1561,-0.12302407308342184
1562,-0.12397062799938427
1563,-0.1253625602292294
1564,-0.13409983828274732
1565,-0.1427634947771562
1566,-0.15331242009276702
1567,-0.16952273432707424
1568,-0.17123451959360503
1569,-0.164909495377206
1570,-0.16347309223896825
1571,-0.17509901192228008
1572,-0.1889749004022304
1573,-0.20008784635635965
1574,-0.21501296856107485
1575,-0.21784273135501978
1576,-0.2109187823882662
1577,-0.21148840747083475
1578,-0.22596025041561393
1579,-0.24880473469061645
1580,-0.26603431941492406
1581,-0.28346998554376346
1582,-0.2916880596592355
1583,-0.29656365380979227
1584,-0.3016406350821941
1585,-0.30841608120840475
1586,-0.31920680322652994
1587,-0.33183216912525826
1588,-0.34827934244507885
1589,-0.3500884888898123
1590,-0.3473483652155521
1591,-0.34735311439715055
1592,-0.35757691434011357
1593,-0.36936174578384995
1594,-0.3828822763085373
1595,-0.39786307354019196
1596,-0.3982170014876932
1597,-0.39485862743959654
1598,-0.40019385069209185
1599,-0.41139723680254353
1600,-0.4233157412521552
1601,-0.4365602643394074
1602,-0.45496454457416696
1603,-0.45881444160127094
1604,-0.45809992960943696
1605,-0.45967411966065796
1606,-0.4648772822761504
1607,-0.4668994524174331
1608,-0.47980274840081616
1609,-0.4922344301590837
1610,-0.4917776681809661
1611,-0.4862263737051041
1612,-0.4780959224201416
1613,-0.48332979101691337
1614,-0.4908067825828839
1615,-0.5023660217216166
1616,-0.5188232128490528
1617,-0.5209856069927642
1618,-0.5158244761093241
1619,-0.5208684089086525
1620,-0.5307572759278095
1621,-0.536786955608423
1622,-0.5428360734347494
1623,-0.5562393752257784
1624,-0.5516061228864217
1625,-0.5452041675381792
1626,-0.5442146531709076
1627,-0.5486600746853744
1628,-0.5565272801343499
1629,-0.5704863148029873
1630,-0.587627840613538
1631,-0.582907701098593
1632,-0.5677439968286492
1633,-0.5615689576744229
1634,-0.5661017872505333
1635,-0.5743669244662535
1636,-0.5821550164642053
1637,-0.5903069142778655
1638,-0.5824445858635595
1639,-0.5672672207582378
1640,-0.5577947183889741
1641,-0.5536748990992524
1642,-0.5553968832731708
1643,-0.5649616283989222
1644,-0.5700404180966617
1645,-0.5595859097109133
1646,-0.5517496117277758
1647,-0.5493623359629782
1648,-0.5558132837039393
1649,-0.5654862272594459
1650,-0.5709649690136324
1651,-0.5791376092012646
1652,-0.5691142710363012
1653,-0.5610853264915268
1654,-0.5555438551069422
1655,-0.5568431454943603
1656,-0.5630335707262705
1657,-0.570791674008143
1658,-0.5704953260245157
1659,-0.5576795639011742
1660,-0.5446532015356182
1661,-0.5357700566860246
1662,-0.5354560637290128
1663,-0.5324547008613228
1664,-0.5294430336927338
1665,-0.5295985286099025
1666,-0.5203253120584923
1667,-0.5111622730913421
1668,-0.5099324423684676
1669,-0.5189338747926563
1670,-0.5212709391254176
1671,-0.5186676459077282
1672,-0.517400217787643
1673,-0.4981768619581547
1674,-0.4796803959089986
1675,-0.4668922048815037
1676,-0.4643381233671189
1677,-0.46291527898714935
1678,-0.4601715738061768
1679,-0.4596575497689735
1680,-0.4366632508649537
1681,-0.41326071923836116
1682,-0.4050172199066053
1683,-0.40956758964273055
1684,-0.4098257333119801
1685,-0.4143980809091809
1686,-0.41686508020028124
1687,-0.40249423859348493
1688,-0.3811162479855067
1689,-0.36867367154410197
1690,-0.370929795961612
1691,-0.371482649021343
1692,-0.36960312671907175
1693,-0.37211127317519155
1694,-0.3557948676050673
1695,-0.33469908870649634
1696,-0.31739600405389945
1697,-0.31428128541022365
1698,-0.3125216403049145
1699,-0.3048304050517901
1700,-0.29943629076867023
1701,-0.276352470385361
1702,-0.25581621109264585
1703,-0.24919595522775495
1704,-0.24654275657367616
1705,-0.24121619369265015
1706,-0.24004245150044057
1707,-0.237387613225531
1708,-0.21959954377003615
1709,-0.20370683720363073
1710,-0.1967158596053598
1711,-0.19048545860912428
1712,-0.1843863126524345
1713,-0.17721187963874024
1714,-0.17897947670871445
1715,-0.16519288526800535
1716,-0.14819061251377055
1717,-0.14594871277694754
1718,-0.14505815179702847
1719,-0.13536321512288596
1720,-0.12230061971357944
1721,-0.11423253466957825
1722,-0.09179705799945624
1723,-0.07580432457126268
1724,-0.07193669136861885
1725,-0.07123317357629098
1726,-0.06777815392925858
1727,-0.06261068112887923
1728,-0.054868602737666805
1729,-0.03593896735028921
1730,-0.021805613379329042
1731,-0.0168508040138717
1732,-0.017011365603239646
1733,-0.01142929959690282
1734,-0.001824274655106186
1735,0.01195084406342217
1736,0.04021592848641758
1737,0.06456377981604405
1738,0.06851677137791962
1739,0.0608710053871974
1740,0.062039736420633144
1741,0.06844467130334085
1742,0.07491170696178019
1743,0.09908553248564374
1744,0.1214735664802553
1745,0.12300990366262683
1746,0.11730048317922004
1747,0.11430400850139899
1748,0.11566943750696844
1749,0.12271853741656012
1750,0.14832727144515936
1751,0.16980684556392275
1752,0.16820414503377823
1753,0.15956274232384854
1754,0.1556039922570006
1755,0.15554868520716933
1756,0.16552618830927318
1757,0.19044698986652056
1758,0.20647523806027307
1759,0.1984158022785783
1760,0.1795752293378289
1761,0.1726588452843061
1762,0.1756447550404614
1763,0.19043290257380818
1764,0.2187484296950646
1765,0.23603382539197598
1766,0.2314724854634816
1767,0.22603537012176128
1768,0.22816639257409857
1769,0.23541230962655815
1770,0.25248609914835646
1771,0.2799519088186713
1772,0.29463191302740926
1773,0.29016856858842277
1774,0.2812620975981366
1775,0.2805775496645731
1776,0.2848713572029154
1777,0.2990360652150617
1778,0.3317120537767707
1779,0.34682276948176366
1780,0.3408253681505647
1781,0.3344713984284688
1782,0.32645017685208805
1783,0.3178804439076214
1784,0.3262651302691586
1785,0.3572476687693411
1786,0.3766268539889725
1787,0.3686414628848736
1788,0.3554919110701367
1789,0.3466240415667734
1790,0.3471749848474844
1791,0.3638505317287552
1792,0.3980736319362437
1793,0.4055473293908296
1794,0.3928543052138508
1795,0.38450185291626987
1796,0.3821847533463524
1797,0.37360069989302724
1798,0.37780630101340357
1799,0.3937430705355672
1800,0.4002099417248923
1801,0.3915361543876702
1802,0.38544928720666755
1803,0.38727361423014395
1804,0.388647565203078
1805,0.4045856540113689
1806,0.4325581772935168
1807,0.4510303147851981
1808,0.4491498071466746
1809,0.44496991244101647
1810,0.445792379691211
1811,0.44198534986256305
1812,0.45015294615487383
1813,0.4756303463898712
1814,0.49182033191458624
1815,0.49188236795580603
1816,0.48107580928237703
1817,0.4701087080054347
1818,0.46512293766225155
1819,0.4677816600632962
1820,0.48776636595204753
1821,0.4952059294199915
1822,0.47946565255526097
1823,0.4562372340083938
1824,0.43599513890680275
